id,case_number,date,block,iucr,primary_type,description,location_description,arrest,domestic,beat,district,ward,community_area,fbi_code,latitude,longitude,location
10033258,HY217794,2015-04-11T08:57:00,068XX N WAYNE AVE,0810,THEFT,OVER $500,VEHICLE NON-COMMERCIAL,false,false,2431,24,49,1,06,,,
9911261,HY100213,2015-01-01T03:02:00,045XX W WELLINGTON AVE,0453,BATTERY,AGGRAVATED PO: OTHER DANG WEAP,STREET,true,true,2521,25,31,20,04B,41.935274834,-87.739813321,POINT(-87.739813321 41.935274834)
9911589,HY100738,2015-01-01T00:30:00,020XX W MELROSE ST,0880,THEFT,PURSE-SNATCHING,APARTMENT,false,false,1921,19,32,5,06,41.94047341,-87.67938308,POINT(-87.67938308 41.94047341)
10336943,HY528149,2015-12-05T20:00:00,025XX W ADDISON ST,1154,DECEPTIVE PRACTICE,FINANCIAL IDENTITY THEFT $300 AND UNDER,RESTAURANT,true,false,1921,19,47,5,11,41.946728528,-87.690747572,POINT(-87.690747572 41.946728528)
10188614,HY347441,2015-07-19T18:32:38,039XX W VAN BUREN ST,2024,NARCOTICS,POSS: HEROIN(WHITE),STREET,true,false,1132,11,24,26,18,,,
10402279,HZ138747,2015-12-16T00:01:00,006XX W FULTON ST,0820,THEFT,$500 AND UNDER,RESIDENCE,false,false,1214,12,42,28,06,41.886809001,-87.643565821,POINT(-87.643565821 41.886809001)
10402352,HZ138755,2015-12-09T08:00:00,031XX N BROADWAY,1130,DECEPTIVE PRACTICE,FRAUD OR CONFIDENCE GAME,COMMERCIAL / BUSINESS OFFICE,false,false,1934,19,44,6,11,41.938325571,-87.644341433,POINT(-87.644341433 41.938325571)
10402382,HZ138885,2015-12-10T12:00:00,025XX W 51ST ST,0890,THEFT,FROM BUILDING,OTHER,false,false,923,9,14,63,06,41.801108514,-87.686985578,POINT(-87.686985578 41.801108514)
10402391,HZ138709,2015-12-18T16:00:00,065XX S CHAMPLAIN AVE,0545,ASSAULT,PRO EMP HANDS NO/MIN INJURY,"SCHOOL, PUBLIC, BUILDING",false,false,321,3,20,42,08A,41.77587085,-87.609476619,POINT(-87.609476619 41.77587085)
10161309,HY350331,2015-07-21T22:47:00,008XX N LARAMIE AVE,143A,WEAPONS VIOLATION,UNLAWFUL POSS OF HANDGUN,VEHICLE - OTHER RIDE SERVICE,true,false,1531,15,37,25,15,41.895539363,-87.755618907,POINT(-87.755618907 41.895539363)
10193758,HY380702,2015-08-08T03:54:00,010XX S LARAMIE AVE,0820,THEFT,$500 AND UNDER,OTHER,true,false,1522,15,29,25,06,41.868316883,-87.754623131,POINT(-87.754623131 41.868316883)
10272809,HY460974,2015-10-13T21:10:00,0000X W POLK ST,0460,BATTERY,SIMPLE,SIDEWALK,true,false,123,1,2,32,08B,41.87227988,-87.629365941,POINT(-87.629365941 41.87227988)
10312007,HY500753,2015-11-12T18:00:00,069XX N GREENVIEW AVE,0610,BURGLARY,FORCIBLE ENTRY,APARTMENT,false,false,2431,24,49,1,05,42.008490958,-87.667883978,POINT(-87.667883978 42.008490958)
10316648,HY505618,2015-11-17T23:44:00,018XX W 103RD ST,0495,BATTERY,AGGRAVATED OF A SENIOR CITIZEN,APARTMENT,true,true,2212,22,19,72,04B,41.706602086,-87.668098564,POINT(-87.668098564 41.706602086)
10344480,HY535540,2015-12-13T02:00:00,013XX N ROCKWELL ST,2825,OTHER OFFENSE,HARASSMENT BY TELEPHONE,APARTMENT,true,false,1423,14,26,24,26,41.90535268,-87.692011234,POINT(-87.692011234 41.90535268)
10352702,HY543778,2015-12-20T05:42:00,067XX S DORCHESTER AVE,0496,BATTERY,AGGRAVATED DOMESTIC BATTERY: KNIFE/CUTTING INST,APARTMENT,true,true,332,3,5,43,04B,41.772027099,-87.591138947,POINT(-87.591138947 41.772027099)
10355304,HY546281,2015-11-30T00:30:00,099XX S LOWE AVE,0486,BATTERY,DOMESTIC BATTERY SIMPLE,RESIDENCE,true,true,2232,22,34,73,08B,41.71335058,-87.639361956,POINT(-87.639361956 41.71335058)
10229018,HY392331,2015-08-21T21:05:00,067XX S HERMITAGE AVE,143A,WEAPONS VIOLATION,UNLAWFUL POSS OF HANDGUN,SIDEWALK,true,false,725,7,15,67,15,41.771227939,-87.66763288,POINT(-87.66763288 41.771227939)
10398717,HZ135388,2015-11-26T12:00:00,046XX S MOZART ST,1540,OBSCENITY,OBSCENE MATTER,RESIDENCE,true,false,922,9,14,58,17,41.809457353,-87.695462899,POINT(-87.695462899 41.809457353)
10399038,HZ135828,2015-10-09T00:00:00,054XX S ABERDEEN ST,1153,DECEPTIVE PRACTICE,FINANCIAL IDENTITY THEFT OVER $ 300,APARTMENT,false,false,934,9,16,61,11,41.795308102,-87.652480067,POINT(-87.652480067 41.795308102)
10392987,HZ129450,2015-11-27T11:20:00,031XX S WALLACE ST,0810,THEFT,OVER $500,CURRENCY EXCHANGE,true,false,915,9,11,60,06,41.837651929,-87.641404086,POINT(-87.641404086 41.837651929)
10181976,HY336968,2015-07-11T20:25:00,069XX S NORMAL BLVD,2024,NARCOTICS,POSS: HEROIN(WHITE),ALLEY,true,false,732,7,6,68,18,,,
10182130,HY335673,2015-07-10T21:32:00,057XX S WOLCOTT AVE,2014,NARCOTICS,MANU/DELIVER: HEROIN (WHITE),ALLEY,true,false,715,7,15,67,18,,,
10183689,HY338062,2015-07-12T18:22:00,002XX N KILPATRICK AVE,2014,NARCOTICS,MANU/DELIVER: HEROIN (WHITE),VEHICLE NON-COMMERCIAL,true,false,1113,11,28,25,18,,,
10093534,HY260533,2015-05-14T21:20:00,005XX S DEARBORN ST,0560,ASSAULT,SIMPLE,SIDEWALK,false,false,123,1,2,32,08A,,,
10185238,HY341767,2015-07-15T13:15:00,073XX S KIMBARK AVE,2027,NARCOTICS,POSS: CRACK,RESIDENCE,true,false,324,3,5,43,18,,,
10399778,HZ136609,2015-12-08T11:00:00,103XX S ELIZABETH ST,0460,BATTERY,SIMPLE,"SCHOOL, PUBLIC, BUILDING",false,false,2232,22,21,73,08B,41.706070186,-87.653645803,POINT(-87.653645803 41.706070186)
10193634,HY368644,2015-08-04T11:09:00,059XX S MORGAN ST,1821,NARCOTICS,MANU/DEL:CANNABIS 10GM OR LESS,SIDEWALK,true,false,712,7,16,68,18,41.786370592,-87.649813587,POINT(-87.649813587 41.786370592)
10400711,HZ137510,2015-10-27T09:00:00,007XX N CENTRAL AVE,0810,THEFT,OVER $500,RESIDENCE,false,false,1524,15,37,25,06,41.893957888,-87.765362648,POINT(-87.765362648 41.893957888)
10000000,HY189952,2015-03-18T20:47:00,042XX N MARINE DR,1330,CRIMINAL TRESPASS,TO LAND,RESIDENCE PORCH/HALLWAY,false,false,1915,19,46,3,26,41.958736385,-87.646526104,POINT(-87.646526104 41.958736385)
10000001,HY189865,2015-03-10T17:35:00,032XX W 55TH ST,1130,DECEPTIVE PRACTICE,FRAUD OR CONFIDENCE GAME,APARTMENT,false,false,822,8,14,63,11,41.793487852,-87.705331861,POINT(-87.705331861 41.793487852)
10000002,HY189810,2015-03-04T12:00:00,034XX W 71ST PL,1153,DECEPTIVE PRACTICE,FINANCIAL IDENTITY THEFT OVER $ 300,RESIDENCE,false,false,831,8,18,66,11,41.763380355,-87.708887766,POINT(-87.708887766 41.763380355)
10000003,HY189793,2015-03-18T18:44:00,017XX N TRIPP AVE,1330,CRIMINAL TRESPASS,TO LAND,RESIDENTIAL YARD (FRONT/BACK),true,false,2534,25,30,20,26,41.912311599,-87.73251657,POINT(-87.73251657 41.912311599)
10000004,HY189762,2015-03-13T12:00:00,026XX S DRAKE AVE,1750,OFFENSE INVOLVING CHILDREN,CHILD ABUSE,APARTMENT,true,true,1032,10,22,30,20,41.843568858,-87.713543948,POINT(-87.713543948 41.843568858)
10000005,HY189943,2015-03-18T20:21:00,061XX S INDIANA AVE,4625,OTHER OFFENSE,PAROLE VIOLATION,STREET,true,false,311,3,20,40,26,41.78323716,-87.620551093,POINT(-87.620551093 41.78323716)
10000006,HY189957,2015-03-18T21:15:00,075XX S COTTAGE GROVE AVE,0486,BATTERY,DOMESTIC BATTERY SIMPLE,APARTMENT,false,true,624,6,6,69,08B,41.758125035,-87.605376887,POINT(-87.605376887 41.758125035)
10000009,HY189587,2015-03-18T15:30:00,034XX W 65TH PL,0560,ASSAULT,SIMPLE,"SCHOOL, PUBLIC, GROUNDS",false,false,831,8,15,66,08A,41.774330666,-87.708484611,POINT(-87.708484611 41.774330666)
10000010,HY189566,2015-03-18T15:30:00,057XX S CENTRAL PARK AVE,1320,CRIMINAL DAMAGE,TO VEHICLE,STREET,false,false,822,8,14,62,14,41.789495188,-87.713467386,POINT(-87.713467386 41.789495188)
10000011,HY189598,2015-03-18T14:50:00,047XX S TRIPP AVE,0460,BATTERY,SIMPLE,SIDEWALK,false,false,815,8,23,57,08B,41.807337123,-87.729691098,POINT(-87.729691098 41.807337123)
10000012,HY189978,2015-03-18T21:30:00,018XX S CENTRAL PARK AVE,0486,BATTERY,DOMESTIC BATTERY SIMPLE,APARTMENT,true,true,1021,10,24,29,08B,41.85572892,-87.715115078,POINT(-87.715115078 41.85572892)
10000014,HY189846,2015-03-18T17:52:00,107XX S EGGLESTON AVE,1822,NARCOTICS,MANU/DEL:CANNABIS OVER 10 GMS,RESIDENCE,true,false,2233,22,34,49,18,41.698765744,-87.634136006,POINT(-87.634136006 41.698765744)
10000015,HY190002,2015-03-18T22:00:00,001XX S SPRINGFIELD AVE,2027,NARCOTICS,POSS: CRACK,SIDEWALK,true,false,1122,11,28,26,18,41.879534592,-87.723188209,POINT(-87.723188209 41.879534592)
10000016,HY189659,2015-03-17T18:00:00,071XX N GLENWOOD AVE,0810,THEFT,OVER $500,STREET,false,false,2423,24,49,1,06,42.011868433,-87.665887514,POINT(-87.665887514 42.011868433)
10000017,HY189934,2015-03-13T21:00:00,068XX S PERRY AVE,0820,THEFT,$500 AND UNDER,APARTMENT,true,false,722,7,6,69,06,41.770408737,-87.628296046,POINT(-87.628296046 41.770408737)
10000018,HY189982,2015-03-18T21:20:00,018XX E 75TH ST,2028,NARCOTICS,POSS: SYNTHETIC DRUGS,STREET,true,false,324,3,8,43,18,41.7588387,-87.579441467,POINT(-87.579441467 41.7588387)
10000021,HY189987,2015-03-18T20:47:00,023XX W 103RD ST,0860,THEFT,RETAIL THEFT,SMALL RETAIL STORE,true,false,2212,22,19,72,06,41.706378843,-87.680856265,POINT(-87.680856265 41.706378843)
10000022,HY189493,2015-03-17T08:30:00,077XX S ALBANY AVE,1310,CRIMINAL DAMAGE,TO PROPERTY,RESIDENCE,false,true,835,8,18,70,14,41.752678504,-87.70003468,POINT(-87.70003468 41.752678504)
10000024,HY189947,2015-03-18T21:00:00,003XX N STATE ST,0890,THEFT,FROM BUILDING,RESTAURANT,false,false,1831,18,42,8,06,41.88837217,-87.628032433,POINT(-87.628032433 41.88837217)
10000025,HY189933,2015-03-18T20:45:00,026XX N CENTRAL PARK AVE,0910,MOTOR VEHICLE THEFT,AUTOMOBILE,STREET,true,false,2524,25,35,22,07,41.929375971,-87.717123924,POINT(-87.717123924 41.929375971)
10000027,HY189903,2015-03-18T20:15:00,002XX S STATE ST,0860,THEFT,RETAIL THEFT,SMALL RETAIL STORE,false,false,113,1,42,32,06,41.878567628,-87.627688599,POINT(-87.627688599 41.878567628)
10000028,HY189985,2015-03-18T21:30:00,054XX N SAWYER AVE,0560,ASSAULT,SIMPLE,RESIDENCE,true,true,1712,17,40,13,08A,41.979921598,-87.710002041,POINT(-87.710002041 41.979921598)
10000029,HY189971,2015-03-18T21:31:00,070XX S PAXTON AVE,0486,BATTERY,DOMESTIC BATTERY SIMPLE,APARTMENT,true,true,331,3,5,43,08B,41.766903445,-87.571425652,POINT(-87.571425652 41.766903445)
10000030,HY189986,2015-03-18T06:00:00,014XX S MORGAN ST,0910,MOTOR VEHICLE THEFT,AUTOMOBILE,VEHICLE NON-COMMERCIAL,false,false,1232,12,25,28,07,41.863194829,-87.650926979,POINT(-87.650926979 41.863194829)
10000031,HY189983,2015-03-18T09:00:00,0000X E GRAND AVE,0890,THEFT,FROM BUILDING,HOTEL/MOTEL,false,false,1834,18,42,8,06,41.891690385,-87.626317482,POINT(-87.626317482 41.891690385)
10000032,HY190005,2015-03-18T22:00:00,078XX S KEDZIE AVE,2024,NARCOTICS,POSS: HEROIN(WHITE),STREET,true,false,835,8,18,70,18,41.751341522,-87.702437235,POINT(-87.702437235 41.751341522)
10000033,HY189981,2015-03-18T21:45:00,032XX W 23RD ST,1811,NARCOTICS,POSS: CANNABIS 30GMS OR LESS,SIDEWALK,true,false,1024,10,22,30,18,41.84992948,-87.706861209,POINT(-87.706861209 41.84992948)
10000034,HY189962,2015-03-17T21:55:00,012XX W 119TH ST,0810,THEFT,OVER $500,OTHER,false,false,524,5,34,53,06,41.677661758,-87.652872258,POINT(-87.652872258 41.677661758)
10000036,HY189959,2015-03-18T21:37:00,079XX S LOOMIS BLVD,1811,NARCOTICS,POSS: CANNABIS 30GMS OR LESS,STREET,true,false,612,6,21,71,18,41.750156539,-87.658582671,POINT(-87.658582671 41.750156539)
10000037,HY189990,2015-03-18T21:27:00,117XX S HALSTED ST,5110,OTHER OFFENSE,GUN OFFENDER: DUTY TO REGISTER,STREET,true,false,524,5,34,53,26,41.681268942,-87.642024029,POINT(-87.642024029 41.681268942)
10000038,HY189993,2015-03-18T22:00:00,055XX N WESTERN AVE,1811,NARCOTICS,POSS: CANNABIS 30GMS OR LESS,STREET,true,false,2012,20,40,4,18,41.982228256,-87.689397701,POINT(-87.689397701 41.982228256)
10000039,HY189597,2015-03-15T10:00:00,060XX N DAMEN AVE,0630,BURGLARY,ATTEMPT FORCIBLE ENTRY,APARTMENT,false,false,2413,24,40,2,05,41.991164248,-87.679842939,POINT(-87.679842939 41.991164248)
10000040,HY189979,2015-03-18T21:19:00,067XX S PERRY AVE,0486,BATTERY,DOMESTIC BATTERY SIMPLE,OTHER,true,true,722,7,6,69,08B,41.77178664,-87.628339611,POINT(-87.628339611 41.77178664)
10000041,HY189872,2015-03-18T19:50:00,081XX S COTTAGE GROVE AVE,0486,BATTERY,DOMESTIC BATTERY SIMPLE,RESIDENCE,false,true,631,6,6,44,08B,41.747058366,-87.605117148,POINT(-87.605117148 41.747058366)
10000043,HY189954,2015-03-18T21:00:00,080XX S RACINE AVE,031A,ROBBERY,ARMED: HANDGUN,STREET,false,false,612,6,21,71,03,41.748223081,-87.653677744,POINT(-87.653677744 41.748223081)
10000044,HY189940,2015-03-18T07:30:00,028XX W 87TH ST,0620,BURGLARY,UNLAWFUL ENTRY,APARTMENT,false,false,835,8,18,70,05,41.735341958,-87.693463563,POINT(-87.693463563 41.735341958)
10000045,HY189860,2015-03-18T19:35:00,076XX S MORGAN ST,1020,ARSON,BY FIRE,RESIDENCE,false,false,612,6,17,71,09,41.755185131,-87.649012103,POINT(-87.649012103 41.755185131)
10000046,HY189764,2015-03-18T17:47:00,015XX W 82ND ST,0486,BATTERY,DOMESTIC BATTERY SIMPLE,APARTMENT,false,true,614,6,21,71,08B,41.744923149,-87.66139308,POINT(-87.66139308 41.744923149)
10000047,HY189945,2015-03-18T15:30:00,024XX W ARTHINGTON ST,0320,ROBBERY,STRONGARM - NO WEAPON,ALLEY,true,false,1135,11,28,28,03,41.870242854,-87.687119358,POINT(-87.687119358 41.870242854)
10000048,HY189732,2015-03-06T20:00:00,063XX S CENTRAL AVE,0820,THEFT,$500 AND UNDER,SIDEWALK,false,false,813,8,13,64,06,41.776888194,-87.761682035,POINT(-87.761682035 41.776888194)
10000049,HY190034,2015-03-18T22:45:00,003XX N WALLER AVE,1811,NARCOTICS,POSS: CANNABIS 30GMS OR LESS,SIDEWALK,true,false,1512,15,29,25,18,41.886137808,-87.768351511,POINT(-87.768351511 41.886137808)
10000050,HY190024,2015-03-18T21:55:00,015XX S CALIFORNIA BLVD,2093,NARCOTICS,FOUND SUSPECT NARCOTICS,HOSPITAL BUILDING/GROUNDS,true,false,1022,10,12,29,26,41.860911204,-87.695744714,POINT(-87.695744714 41.860911204)
10000052,HY190014,2015-03-18T20:51:00,102XX S WENTWORTH AVE,0460,BATTERY,SIMPLE,RESIDENCE,false,false,511,5,9,49,08B,41.708118695,-87.628343483,POINT(-87.628343483 41.708118695)
10000053,HY189594,2015-03-03T20:00:00,053XX S LOCKWOOD AVE,1153,DECEPTIVE PRACTICE,FINANCIAL IDENTITY THEFT OVER $ 300,OTHER,false,false,814,8,23,56,11,41.79631217,-87.755073327,POINT(-87.755073327 41.79631217)
10000054,HY190004,2015-03-18T21:25:00,069XX N RIDGE BLVD,1220,DECEPTIVE PRACTICE,THEFT OF LOST/MISLAID PROP,STREET,true,false,2424,24,49,1,11,42.008286957,-87.681592074,POINT(-87.681592074 42.008286957)
10000055,HY189929,2015-03-18T19:45:00,130XX S EVANS AVE,143A,WEAPONS VIOLATION,UNLAWFUL POSS OF HANDGUN,GOVERNMENT BUILDING/PROPERTY,true,false,533,5,9,54,15,41.65791184,-87.603407012,POINT(-87.603407012 41.65791184)
10000056,HY189938,2015-03-18T21:03:00,044XX W WALTON ST,041A,BATTERY,AGGRAVATED: HANDGUN,STREET,false,false,1111,11,37,23,04B,41.897922295,-87.737011455,POINT(-87.737011455 41.897922295)
10000057,HY189554,2015-03-18T14:45:00,034XX S STATE ST,0560,ASSAULT,SIMPLE,"SCHOOL, PRIVATE, BUILDING",false,false,211,2,3,35,08A,41.832156013,-87.626668478,POINT(-87.626668478 41.832156013)
10000058,HY190039,2015-03-18T22:38:00,120XX S LAFAYETTE AVE,1811,NARCOTICS,POSS: CANNABIS 30GMS OR LESS,RESIDENTIAL YARD (FRONT/BACK),true,false,523,5,9,53,18,41.675249187,-87.623779036,POINT(-87.623779036 41.675249187)
10104572,HY277938,2015-05-27T19:30:00,037XX W LYNDALE ST,0486,BATTERY,DOMESTIC BATTERY SIMPLE,RESIDENCE PORCH/HALLWAY,false,true,2525,25,35,22,08B,,,
10000059,HY189030,2015-03-18T01:00:00,077XX S RHODES AVE,0810,THEFT,OVER $500,VEHICLE NON-COMMERCIAL,false,false,624,6,6,69,06,41.753906366,-87.611358003,POINT(-87.611358003 41.753906366)
10000062,HY189900,2015-03-17T18:30:00,076XX S WABASH AVE,0910,MOTOR VEHICLE THEFT,AUTOMOBILE,STREET,false,false,623,6,6,69,07,41.755672757,-87.623095475,POINT(-87.623095475 41.755672757)
10000063,HY189999,2015-03-18T21:37:00,080XX S MARSHFIELD AVE,0486,BATTERY,DOMESTIC BATTERY SIMPLE,RESIDENCE,false,false,611,6,21,71,08B,41.747746453,-87.664584768,POINT(-87.664584768 41.747746453)
10000064,HY190009,2015-03-18T21:15:00,046XX N BROADWAY,1310,CRIMINAL DAMAGE,TO PROPERTY,APARTMENT,false,false,1914,19,46,3,14,41.966053999,-87.657890403,POINT(-87.657890403 41.966053999)
10000065,HY189980,2015-03-18T21:15:00,072XX S CARPENTER ST,1320,CRIMINAL DAMAGE,TO VEHICLE,STREET,false,false,733,7,17,68,14,41.762836382,-87.650418961,POINT(-87.650418961 41.762836382)
10000066,HY190016,2015-03-18T21:35:00,053XX S KIMBARK AVE,0486,BATTERY,DOMESTIC BATTERY SIMPLE,APARTMENT,true,true,234,2,4,41,08B,41.798852734,-87.595010373,POINT(-87.595010373 41.798852734)
10000068,HY189961,2015-03-18T21:11:00,021XX S CHINA PL,0320,ROBBERY,STRONGARM - NO WEAPON,SIDEWALK,false,false,914,9,25,34,03,41.853831124,-87.634897971,POINT(-87.634897971 41.853831124)
10000069,HY189925,2015-03-18T20:40:00,080XX S CARPENTER ST,041A,BATTERY,AGGRAVATED: HANDGUN,SIDEWALK,false,false,612,6,21,71,04B,41.748088946,-87.650032926,POINT(-87.650032926 41.748088946)
10000070,HY189874,2015-03-18T19:45:00,044XX S INDIANA AVE,0486,BATTERY,DOMESTIC BATTERY SIMPLE,APARTMENT,false,true,215,2,3,38,08B,41.81406581,-87.621339222,POINT(-87.621339222 41.81406581)
10000072,HY190030,2015-03-18T22:55:00,036XX W CERMAK RD,143A,WEAPONS VIOLATION,UNLAWFUL POSS OF HANDGUN,ALLEY,true,false,1013,10,22,30,15,41.851645076,-87.716574874,POINT(-87.716574874 41.851645076)
10000073,HY190017,2015-03-18T22:00:00,011XX S WESTERN AVE,1330,CRIMINAL TRESPASS,TO LAND,OTHER,false,false,1225,12,25,28,26,41.867819248,-87.68606805,POINT(-87.68606805 41.867819248)
10000075,HY189717,2015-03-18T17:00:00,058XX S MICHIGAN AVE,1310,CRIMINAL DAMAGE,TO PROPERTY,APARTMENT,false,false,232,2,20,40,14,41.788283783,-87.622302945,POINT(-87.622302945 41.788283783)
10000076,HY189989,2015-03-15T00:01:00,017XX E 73RD ST,0910,MOTOR VEHICLE THEFT,AUTOMOBILE,STREET,false,false,324,3,8,43,07,41.762452955,-87.581957586,POINT(-87.581957586 41.762452955)
10000077,HY189970,2015-03-18T20:30:00,108XX S EDBROOKE AVE,0910,MOTOR VEHICLE THEFT,AUTOMOBILE,STREET,true,false,513,5,9,49,07,41.697175247,-87.619601792,POINT(-87.619601792 41.697175247)
10000081,HY189863,2015-03-18T19:35:00,055XX S STATE ST,0560,ASSAULT,SIMPLE,TAVERN/LIQUOR STORE,false,false,225,2,3,40,08A,41.793935909,-87.625680278,POINT(-87.625680278 41.793935909)
10000082,HY189994,2015-03-18T22:03:00,016XX W GRAND AVE,1811,NARCOTICS,POSS: CANNABIS 30GMS OR LESS,STREET,true,false,1215,12,26,24,18,41.89097456,-87.667713164,POINT(-87.667713164 41.89097456)
10000083,HY190008,2015-03-18T22:10:00,010XX W LAWRENCE AVE,0554,ASSAULT,AGG PO HANDS NO/MIN INJURY,RESIDENCE PORCH/HALLWAY,true,false,1914,19,46,3,08A,41.969065116,-87.656615702,POINT(-87.656615702 41.969065116)
10000084,HY189953,2015-03-18T21:09:00,024XX W 63RD ST,1811,NARCOTICS,POSS: CANNABIS 30GMS OR LESS,STREET,true,false,825,8,15,66,18,41.779249554,-87.683942092,POINT(-87.683942092 41.779249554)
10000086,HY189528,2015-03-15T16:30:00,031XX S GREEN ST,0560,ASSAULT,SIMPLE,RESIDENCE,false,true,913,9,11,60,08A,41.837174091,-87.647295325,POINT(-87.647295325 41.837174091)
10000087,HY189843,2015-03-18T13:00:00,042XX S FRANCISCO AVE,5002,OTHER OFFENSE,OTHER VEHICLE OFFENSE,RESIDENCE,false,false,921,9,14,58,26,41.816861262,-87.696919189,POINT(-87.696919189 41.816861262)
10000201,HY190159,2015-03-18T20:00:00,082XX S MOZART ST,0820,THEFT,$500 AND UNDER,STREET,false,false,835,8,18,70,06,41.743803922,-87.693687357,POINT(-87.693687357 41.743803922)
10000088,HY189977,2015-03-05T01:00:00,048XX W SCHOOL ST,2825,OTHER OFFENSE,HARASSMENT BY TELEPHONE,RESIDENCE,false,true,1634,16,30,15,26,41.940633528,-87.748217436,POINT(-87.748217436 41.940633528)
10000089,HY190066,2015-03-18T23:12:00,025XX E 78TH ST,1811,NARCOTICS,POSS: CANNABIS 30GMS OR LESS,APARTMENT,true,false,421,4,7,43,18,41.753585679,-87.563238289,POINT(-87.563238289 41.753585679)
10000090,HY190055,2015-03-18T22:56:00,017XX W CHASE AVE,2022,NARCOTICS,POSS: COCAINE,STREET,true,false,2423,24,49,1,18,42.013781399,-87.673528797,POINT(-87.673528797 42.013781399)
10000091,HY190023,2015-03-18T00:15:00,006XX S KILDARE AVE,1320,CRIMINAL DAMAGE,TO VEHICLE,PARKING LOT/GARAGE(NON.RESID.),false,false,1131,11,24,26,14,41.873039988,-87.732755989,POINT(-87.732755989 41.873039988)
10000092,HY189866,2015-03-18T19:44:00,047XX W OHIO ST,041A,BATTERY,AGGRAVATED: HANDGUN,STREET,false,false,1111,11,28,25,04B,41.891398861,-87.744384567,POINT(-87.744384567 41.891398861)
10000094,HY190059,2015-03-18T23:00:00,066XX S MARSHFIELD AVE,4625,OTHER OFFENSE,PAROLE VIOLATION,STREET,true,false,725,7,15,67,26,41.773371528,-87.665319468,POINT(-87.665319468 41.773371528)
10000095,HY190052,2015-03-18T22:45:00,044XX S LAKE PARK AVE,0486,BATTERY,DOMESTIC BATTERY SIMPLE,APARTMENT,false,true,222,2,4,39,08B,41.81386068,-87.596642837,POINT(-87.596642837 41.81386068)
10000096,HY190054,2015-03-18T22:30:00,051XX S MICHIGAN AVE,0460,BATTERY,SIMPLE,APARTMENT,false,false,225,2,3,40,08B,41.800802415,-87.622619343,POINT(-87.622619343 41.800802415)
10000097,HY189976,2015-03-18T21:00:00,047XX W ADAMS ST,031A,ROBBERY,ARMED: HANDGUN,SIDEWALK,false,false,1113,11,28,25,03,41.878064761,-87.743354013,POINT(-87.743354013 41.878064761)
10000098,HY190032,2015-03-18T22:00:00,049XX S DREXEL BLVD,0460,BATTERY,SIMPLE,APARTMENT,false,false,223,2,4,39,08B,41.805443345,-87.604283976,POINT(-87.604283976 41.805443345)
10000099,HY190047,2015-03-18T23:00:00,070XX S MORGAN ST,0486,BATTERY,DOMESTIC BATTERY SIMPLE,APARTMENT,false,true,733,7,17,68,08B,41.766402779,-87.649296123,POINT(-87.649296123 41.766402779)
10000100,HY189988,2015-03-18T21:35:00,042XX S PRAIRIE AVE,0486,BATTERY,DOMESTIC BATTERY SIMPLE,APARTMENT,false,true,213,2,3,38,08B,41.817552577,-87.619818523,POINT(-87.619818523 41.817552577)
10000101,HY190020,2015-03-18T22:09:00,036XX S WOLCOTT AVE,1811,NARCOTICS,POSS: CANNABIS 30GMS OR LESS,STREET,true,false,912,9,11,59,18,41.828138428,-87.672782106,POINT(-87.672782106 41.828138428)
10000103,HY190015,2015-03-18T21:48:00,0000X E GARFIELD BLVD,0470,PUBLIC PEACE VIOLATION,RECKLESS CONDUCT,STREET,true,false,225,2,20,40,24,41.794347171,-87.623394763,POINT(-87.623394763 41.794347171)
10000104,HY189964,2015-03-18T21:25:00,097XX S PRAIRIE AVE,0460,BATTERY,SIMPLE,RESIDENCE PORCH/HALLWAY,false,false,511,5,6,49,08B,41.71745472,-87.617663257,POINT(-87.617663257 41.71745472)
10000105,HY189984,2015-03-18T21:30:00,130XX S DR MARTIN LUTHER KING JR DR,1320,CRIMINAL DAMAGE,TO VEHICLE,PARKING LOT/GARAGE(NON.RESID.),false,false,533,5,9,54,14,41.658138493,-87.613672862,POINT(-87.613672862 41.658138493)
10000108,HY189719,2015-03-15T16:10:00,078XX S VINCENNES AVE,2825,OTHER OFFENSE,HARASSMENT BY TELEPHONE,CTA GARAGE / OTHER PROPERTY,false,true,623,6,17,69,26,41.752406801,-87.633792381,POINT(-87.633792381 41.752406801)
10000109,HY189966,2015-03-18T21:14:00,086XX S EXCHANGE AVE,143A,WEAPONS VIOLATION,UNLAWFUL POSS OF HANDGUN,DRIVEWAY - RESIDENTIAL,true,false,423,4,10,46,15,41.738563465,-87.552678593,POINT(-87.552678593 41.738563465)
10000110,HY190056,2015-03-18T22:50:00,014XX S ASHLAND AVE,0460,BATTERY,SIMPLE,SIDEWALK,false,false,1233,12,2,28,08B,41.86304084,-87.666288555,POINT(-87.666288555 41.86304084)
10000111,HY190019,2015-03-18T22:31:00,051XX W CHICAGO AVE,0860,THEFT,RETAIL THEFT,GAS STATION,true,false,1531,15,37,25,06,41.894945606,-87.754874977,POINT(-87.754874977 41.894945606)
10000112,HY189725,2015-03-18T12:55:00,077XX S KINGSTON AVE,0610,BURGLARY,FORCIBLE ENTRY,APARTMENT,false,false,421,4,7,43,05,41.754602618,-87.562650741,POINT(-87.562650741 41.754602618)
10000268,HY189169,2015-03-18T09:00:00,077XX S DREXEL AVE,0610,BURGLARY,FORCIBLE ENTRY,RESIDENCE,false,false,624,6,6,69,05,41.75424487,-87.602825983,POINT(-87.602825983 41.75424487)
10000113,HY190077,2015-03-19T00:05:00,010XX W 59TH ST,0497,BATTERY,AGGRAVATED DOMESTIC BATTERY: OTHER DANG WEAPON,SIDEWALK,false,true,712,7,16,68,04B,41.786947449,-87.650368475,POINT(-87.650368475 41.786947449)
10000114,HY190071,2015-03-18T20:00:00,024XX W NORTH AVE,0910,MOTOR VEHICLE THEFT,AUTOMOBILE,OTHER,false,false,1423,14,1,24,07,41.910312648,-87.687806494,POINT(-87.687806494 41.910312648)
10000115,HY190036,2015-03-18T21:00:00,069XX S LOOMIS BLVD,0890,THEFT,FROM BUILDING,GROCERY FOOD STORE,false,false,734,7,17,67,06,41.768167414,-87.659053795,POINT(-87.659053795 41.768167414)
10000116,HY190063,2015-03-18T22:56:00,105XX S LAFAYETTE AVE,0470,PUBLIC PEACE VIOLATION,RECKLESS CONDUCT,ALLEY,true,false,512,5,34,49,24,41.70284845,-87.624588931,POINT(-87.624588931 41.70284845)
10000117,HY190068,2015-03-18T22:45:00,087XX S KIMBARK AVE,0890,THEFT,FROM BUILDING,BAR OR TAVERN,false,false,412,4,8,48,06,41.736588206,-87.59299436,POINT(-87.59299436 41.736588206)
10000118,HY190031,2015-03-18T22:00:00,075XX S STONY ISLAND AVE,0860,THEFT,RETAIL THEFT,GROCERY FOOD STORE,true,false,411,4,5,43,06,41.757614433,-87.586115266,POINT(-87.586115266 41.757614433)
10000119,HY190072,2015-03-18T23:55:00,054XX N KENMORE AVE,0320,ROBBERY,STRONGARM - NO WEAPON,OTHER,false,false,2023,20,48,77,03,41.980634157,-87.656529996,POINT(-87.656529996 41.980634157)
10000120,HY190073,2015-03-18T23:40:00,078XX S CREGIER AVE,0430,BATTERY,AGGRAVATED: OTHER DANG WEAPON,APARTMENT,false,false,414,4,8,43,04B,41.752648838,-87.580891872,POINT(-87.580891872 41.752648838)
10000122,HY190006,2015-03-18T21:26:00,039XX W FULLERTON AVE,2017,NARCOTICS,MANU/DELIVER:CRACK,GAS STATION,true,false,2525,25,30,22,18,41.92449236,-87.72608927,POINT(-87.72608927 41.92449236)
10000123,HY189969,2015-03-18T21:44:00,0000X N CENTRAL AVE,141A,WEAPONS VIOLATION,UNLAWFUL USE HANDGUN,VEHICLE NON-COMMERCIAL,true,false,1513,15,29,25,15,41.880934043,-87.764879438,POINT(-87.764879438 41.880934043)
10000124,HY190060,2015-03-18T23:30:00,024XX S BELL AVE,0486,BATTERY,DOMESTIC BATTERY SIMPLE,APARTMENT,true,true,1034,10,25,31,08B,41.848024395,-87.682090877,POINT(-87.682090877 41.848024395)
10000126,HY190035,2015-03-18T22:45:00,003XX E 59TH ST,0486,BATTERY,DOMESTIC BATTERY SIMPLE,APARTMENT,true,true,232,2,20,40,08B,41.787480544,-87.618458018,POINT(-87.618458018 41.787480544)
10000127,HY190027,2015-03-18T22:33:00,091XX S RACINE AVE,0560,ASSAULT,SIMPLE,RESIDENCE,false,false,2222,22,21,73,08A,41.72809296,-87.653113317,POINT(-87.653113317 41.72809296)
10000129,HY190096,2015-03-19T01:20:00,078XX S EMERALD AVE,0460,BATTERY,SIMPLE,APARTMENT,false,false,621,6,17,71,08B,41.751709641,-87.642848244,POINT(-87.642848244 41.751709641)
10000130,HY190003,2015-03-18T21:59:00,086XX S CARPENTER ST,041A,BATTERY,AGGRAVATED: HANDGUN,RESIDENCE PORCH/HALLWAY,false,false,613,6,21,71,04B,41.737129104,-87.649727762,POINT(-87.649727762 41.737129104)
10000131,HY190101,2015-03-19T01:28:00,022XX E 103RD ST,1350,CRIMINAL TRESPASS,TO STATE SUP LAND,PARKING LOT/GARAGE(NON.RESID.),true,false,434,4,10,51,26,41.708029389,-87.569290282,POINT(-87.569290282 41.708029389)
10000132,HY190079,2015-03-18T23:54:00,007XX S KOSTNER AVE,041A,BATTERY,AGGRAVATED: HANDGUN,VEHICLE NON-COMMERCIAL,false,false,1131,11,24,26,04B,41.871038144,-87.735139224,POINT(-87.735139224 41.871038144)
10000133,HY190085,2015-03-19T00:05:00,057XX S WESTERN AVE,0312,ROBBERY,ARMED:KNIFE/CUTTING INSTRUMENT,SIDEWALK,false,false,824,8,16,63,03,41.789749112,-87.683924139,POINT(-87.683924139 41.789749112)
10000134,HY190091,2015-03-19T00:35:00,041XX W BELMONT AVE,1305,CRIMINAL DAMAGE,CRIMINAL DEFACEMENT,FACTORY/MANUFACTURING BUILDING,true,false,1731,17,31,16,14,41.939055884,-87.730240399,POINT(-87.730240399 41.939055884)
10000135,HY190087,2015-03-19T00:30:00,119XX S HALSTED ST,0320,ROBBERY,STRONGARM - NO WEAPON,CTA BUS STOP,false,false,524,5,34,53,03,41.67736022,-87.641893815,POINT(-87.641893815 41.67736022)
10000137,HY190051,2015-03-18T22:45:00,064XX S EVANS AVE,1310,CRIMINAL DAMAGE,TO PROPERTY,APARTMENT,true,false,312,3,20,42,14,41.777694703,-87.607128049,POINT(-87.607128049 41.777694703)
10000138,HY190094,2015-03-19T00:50:00,022XX S PRINCETON AVE,0420,BATTERY,AGGRAVATED:KNIFE/CUTTING INSTR,SIDEWALK,false,false,914,9,25,34,04B,41.852683454,-87.634804012,POINT(-87.634804012 41.852683454)
10000139,HY190098,2015-03-19T01:15:00,035XX W CERMAK RD,1811,NARCOTICS,POSS: CANNABIS 30GMS OR LESS,STREET,true,false,1024,10,22,30,18,41.85168235,-87.713304129,POINT(-87.713304129 41.85168235)
10000140,HY190075,2015-03-18T18:45:00,041XX W 24TH PL,1025,ARSON,AGGRAVATED,APARTMENT,false,false,1013,10,22,30,09,41.846959598,-87.727208404,POINT(-87.727208404 41.846959598)
10000142,HY190058,2015-03-18T23:35:00,095XX S MERRION AVE,0281,CRIM SEXUAL ASSAULT,NON-AGGRAVATED,APARTMENT,false,false,431,4,7,51,02,41.722057171,-87.569940988,POINT(-87.569940988 41.722057171)
10000143,HY190100,2015-03-19T02:00:00,066XX S ELLIS AVE,0486,BATTERY,DOMESTIC BATTERY SIMPLE,RESIDENCE,false,true,321,3,5,42,08B,41.774499411,-87.600928136,POINT(-87.600928136 41.774499411)
10000144,HY189928,2015-03-17T18:00:00,027XX W ARMITAGE AVE,0820,THEFT,$500 AND UNDER,STREET,false,false,1421,14,1,22,06,41.917496237,-87.696508178,POINT(-87.696508178 41.917496237)
10000145,HY190099,2015-03-19T01:19:00,080XX S NORMAL AVE,3760,INTERFERENCE WITH PUBLIC OFFICER,OBSTRUCTING SERVICE,SIDEWALK,true,false,621,6,21,44,24,41.748203504,-87.636663391,POINT(-87.636663391 41.748203504)
10000146,HY190103,2015-03-19T01:50:00,075XX S DOBSON AVE,031A,ROBBERY,ARMED: HANDGUN,STREET,false,false,624,6,8,69,03,41.757855777,-87.599288522,POINT(-87.599288522 41.757855777)
10000147,HY190102,2015-03-19T01:00:00,078XX S EXCHANGE AVE,0486,BATTERY,DOMESTIC BATTERY SIMPLE,APARTMENT,true,true,421,4,7,43,08B,41.752762491,-87.553488733,POINT(-87.553488733 41.752762491)
10000148,HY190122,2015-03-19T02:45:00,001XX S SPRINGFIELD AVE,2170,NARCOTICS,POSSESSION OF DRUG EQUIPMENT,STREET,true,false,1122,11,28,26,18,41.87946597,-87.72318519,POINT(-87.72318519 41.87946597)
10000149,HY190082,2015-03-19T00:15:00,019XX N HOYNE AVE,0460,BATTERY,SIMPLE,RESIDENCE PORCH/HALLWAY,false,false,1434,14,32,22,08B,41.917165184,-87.680076699,POINT(-87.680076699 41.917165184)
10000151,HY190115,2015-03-19T02:26:00,029XX N DAWSON AVE,1020,ARSON,BY FIRE,VEHICLE NON-COMMERCIAL,false,false,1412,14,35,21,09,41.934959567,-87.711358856,POINT(-87.711358856 41.934959567)
10001012,HY190602,2015-03-16T12:00:00,008XX N FRANKLIN ST,0820,THEFT,$500 AND UNDER,STREET,false,false,1823,18,27,8,06,41.897930731,-87.63573262,POINT(-87.63573262 41.897930731)
10000153,HY189345,2015-03-18T12:20:00,091XX S UNIVERSITY AVE,0483,BATTERY,AGG PRO.EMP: OTHER DANG WEAPON,"SCHOOL, PUBLIC, BUILDING",true,false,413,4,8,47,04B,41.728740563,-87.596150779,POINT(-87.596150779 41.728740563)
10000155,HY190125,2015-03-19T02:30:00,008XX E 65TH ST,0486,BATTERY,DOMESTIC BATTERY SIMPLE,APARTMENT,false,true,312,3,20,42,08B,41.776797342,-87.604098905,POINT(-87.604098905 41.776797342)
10000158,HY190061,2015-03-18T23:20:00,060XX S AUSTIN AVE,1305,CRIMINAL DAMAGE,CRIMINAL DEFACEMENT,RESIDENCE,false,false,812,8,23,64,14,41.782423303,-87.771668137,POINT(-87.771668137 41.782423303)
10000159,HY190043,2015-03-18T23:00:00,057XX N KENMORE AVE,041A,BATTERY,AGGRAVATED: HANDGUN,STREET,false,false,2022,20,48,77,04B,41.986392486,-87.656700734,POINT(-87.656700734 41.986392486)
10000160,HY190116,2015-03-18T15:00:00,068XX S DANTE AVE,0430,BATTERY,AGGRAVATED: OTHER DANG WEAPON,STREET,false,false,332,3,5,43,04B,41.771026291,-87.589574167,POINT(-87.589574167 41.771026291)
10000161,HY190135,2015-03-18T04:00:00,066XX S JEFFERY DR,0910,MOTOR VEHICLE THEFT,AUTOMOBILE,STREET,false,false,331,3,5,42,07,41.774703033,-87.575622642,POINT(-87.575622642 41.774703033)
10000163,HY190083,2015-03-18T23:46:00,083XX S STONY ISLAND AVE,1811,NARCOTICS,POSS: CANNABIS 30GMS OR LESS,STREET,true,false,412,4,8,45,18,41.743970443,-87.585797123,POINT(-87.585797123 41.743970443)
10000164,HY190123,2015-03-19T02:55:00,031XX W 44TH ST,1310,CRIMINAL DAMAGE,TO PROPERTY,ALLEY,false,false,922,9,14,58,14,41.813610224,-87.702061305,POINT(-87.702061305 41.813610224)
10000166,HY190133,2015-03-19T03:00:00,014XX E 70TH ST,0486,BATTERY,DOMESTIC BATTERY SIMPLE,RESIDENCE,false,true,332,3,5,43,08B,41.767838617,-87.590182832,POINT(-87.590182832 41.767838617)
10000169,HY190064,2015-03-12T10:00:00,007XX N CENTRAL AVE,0560,ASSAULT,SIMPLE,APARTMENT,false,false,1524,15,37,25,08A,41.893820645,-87.765356519,POINT(-87.765356519 41.893820645)
10000170,HY190136,2015-03-19T03:51:00,002XX N MAYFIELD AVE,0486,BATTERY,DOMESTIC BATTERY SIMPLE,STREET,false,true,1512,15,29,25,08B,41.884654292,-87.771937787,POINT(-87.771937787 41.884654292)
10000171,HY190088,2015-03-18T14:30:00,020XX N CLARK ST,0281,CRIM SEXUAL ASSAULT,NON-AGGRAVATED,OTHER,false,false,1814,18,43,7,02,41.919311217,-87.636668238,POINT(-87.636668238 41.919311217)
10000172,HY190131,2015-03-19T01:30:00,072XX S CONSTANCE AVE,0610,BURGLARY,FORCIBLE ENTRY,APARTMENT,false,false,324,3,5,43,05,41.763922875,-87.5805439,POINT(-87.5805439 41.763922875)
10000173,HY190120,2015-03-19T02:35:00,075XX S DANTE AVE,0520,ASSAULT,AGGRAVATED:KNIFE/CUTTING INSTR,APARTMENT,true,false,411,4,5,43,04A,41.757946916,-87.589563944,POINT(-87.589563944 41.757946916)
10000176,HY190142,2015-03-19T04:00:00,069XX W ARCHER AVE,1310,CRIMINAL DAMAGE,TO PROPERTY,DRUG STORE,false,false,811,8,23,56,14,41.79209768,-87.794744914,POINT(-87.794744914 41.79209768)
10000178,HY190144,2015-03-19T03:34:00,009XX W 75TH ST,502R,OTHER OFFENSE,VEHICLE TITLE/REG OFFENSE,VEHICLE NON-COMMERCIAL,true,false,733,7,17,68,26,41.758322944,-87.648271397,POINT(-87.648271397 41.758322944)
10000179,HY190111,2015-03-19T02:05:00,051XX W CHICAGO AVE,0460,BATTERY,SIMPLE,GAS STATION,true,false,1531,15,37,25,08B,41.894945606,-87.754874977,POINT(-87.754874977 41.894945606)
10000180,HY190143,2015-03-19T04:29:00,044XX N MILWAUKEE AVE,1310,CRIMINAL DAMAGE,TO PROPERTY,COMMERCIAL / BUSINESS OFFICE,false,false,1623,16,45,15,14,41.96085819,-87.754672619,POINT(-87.754672619 41.96085819)
10000182,HY190084,2015-03-18T23:35:00,023XX W 47TH ST,0326,ROBBERY,AGGRAVATED VEHICULAR HIJACKING,STREET,false,false,924,9,12,61,03,41.808421621,-87.683023997,POINT(-87.683023997 41.808421621)
10000184,HY190139,2015-03-19T03:11:00,045XX W DEMING PL,0610,BURGLARY,FORCIBLE ENTRY,RESIDENCE-GARAGE,true,false,2521,25,31,20,05,41.927300801,-87.739946037,POINT(-87.739946037 41.927300801)
10000185,HY190119,2015-03-19T02:31:00,037XX W CHICAGO AVE,0430,BATTERY,AGGRAVATED: OTHER DANG WEAPON,SIDEWALK,false,false,1112,11,27,23,04B,41.895431204,-87.71943374,POINT(-87.71943374 41.895431204)
10001257,HY190509,2015-03-19T12:20:00,060XX S PAULINA ST,0460,BATTERY,SIMPLE,SIDEWALK,false,false,714,7,15,67,08B,41.784071657,-87.666759385,POINT(-87.666759385 41.784071657)
10000186,HY190093,2015-03-19T00:09:00,0000X W OAK ST,143A,WEAPONS VIOLATION,UNLAWFUL POSS OF HANDGUN,SIDEWALK,true,false,1832,18,42,8,15,41.90056412,-87.630605473,POINT(-87.630605473 41.90056412)
10000187,HY190097,2015-03-19T01:30:00,065XX S HERMITAGE AVE,0486,BATTERY,DOMESTIC BATTERY SIMPLE,RESIDENCE,false,true,725,7,15,67,08B,41.774977442,-87.667770081,POINT(-87.667770081 41.774977442)
10000188,HY190076,2015-03-19T00:01:00,004XX W 70TH ST,0486,BATTERY,DOMESTIC BATTERY SIMPLE,VEHICLE NON-COMMERCIAL,false,true,732,7,6,68,08B,41.767160003,-87.635120381,POINT(-87.635120381 41.767160003)
10000189,HY190117,2015-03-19T02:10:00,086XX W FOSTER AVE,1365,CRIMINAL TRESPASS,TO RESIDENCE,APARTMENT,true,false,1614,16,41,76,26,41.97377831,-87.841899431,POINT(-87.841899431 41.97377831)
10000190,HY190026,2015-03-18T22:30:00,035XX W CARROLL AVE,0810,THEFT,OVER $500,OTHER,false,true,1123,11,28,27,06,41.887413474,-87.714497528,POINT(-87.714497528 41.887413474)
10000191,HY190013,2015-03-18T22:15:00,038XX S WOOD ST,1020,ARSON,BY FIRE,STREET,false,false,912,9,11,59,09,41.824207682,-87.670235939,POINT(-87.670235939 41.824207682)
10000194,HY190147,2015-03-19T04:38:00,033XX W DIVERSEY AVE,0486,BATTERY,DOMESTIC BATTERY SIMPLE,APARTMENT,false,true,1412,14,35,22,08B,41.931993727,-87.710468903,POINT(-87.710468903 41.931993727)
10000196,HY190106,2015-03-19T00:30:00,107XX S HALSTED ST,0430,BATTERY,AGGRAVATED: OTHER DANG WEAPON,STREET,false,false,2233,22,34,75,04B,41.699184632,-87.642593834,POINT(-87.642593834 41.699184632)
10000197,HY190067,2015-03-18T23:20:00,046XX S INDIANA AVE,041A,BATTERY,AGGRAVATED: HANDGUN,STREET,false,false,215,2,3,38,04B,41.81067058,-87.621248438,POINT(-87.621248438 41.81067058)
10000199,HY190149,2015-03-19T02:00:00,039XX W LAWRENCE AVE,0820,THEFT,$500 AND UNDER,STREET,false,false,1712,17,39,14,06,41.968249578,-87.727255053,POINT(-87.727255053 41.968249578)
10000200,HY189240,2015-03-10T08:00:00,002XX E PERSHING RD,2825,OTHER OFFENSE,HARASSMENT BY TELEPHONE,"SCHOOL, PUBLIC, BUILDING",false,false,212,2,3,35,26,41.823798151,-87.619756522,POINT(-87.619756522 41.823798151)
10000202,HY190090,2015-03-19T00:35:00,052XX S CORNELL AVE,031A,ROBBERY,ARMED: HANDGUN,RESIDENCE PORCH/HALLWAY,false,false,234,2,4,41,03,41.80061868,-87.585887262,POINT(-87.585887262 41.80061868)
10000203,HY190151,2015-03-19T01:00:00,020XX N PULASKI RD,1320,CRIMINAL DAMAGE,TO VEHICLE,STREET,false,false,2525,25,30,20,14,41.918320523,-87.726596048,POINT(-87.726596048 41.918320523)
10000204,HY190086,2015-03-18T17:00:00,001XX W RANDOLPH ST,0560,ASSAULT,SIMPLE,RESIDENCE,false,true,122,1,42,32,08A,41.884472382,-87.633378182,POINT(-87.633378182 41.884472382)
10000205,HY190141,2015-03-18T17:30:00,057XX S INDIANA AVE,0910,MOTOR VEHICLE THEFT,AUTOMOBILE,STREET,false,false,232,2,20,40,07,41.790376197,-87.620736031,POINT(-87.620736031 41.790376197)
10000207,HY189272,2015-03-18T12:20:00,077XX S OGLESBY AVE,0486,BATTERY,DOMESTIC BATTERY SIMPLE,RESIDENCE,false,true,414,4,7,43,08B,41.754706432,-87.567505523,POINT(-87.567505523 41.754706432)
10000208,HY190156,2015-03-19T05:30:00,048XX S KEDVALE AVE,0486,BATTERY,DOMESTIC BATTERY SIMPLE,APARTMENT,false,true,815,8,14,57,08B,41.805166896,-87.727180679,POINT(-87.727180679 41.805166896)
10000209,HY189415,2015-03-17T12:00:00,014XX W 77TH ST,0810,THEFT,OVER $500,RESIDENCE,false,false,612,6,17,71,06,41.754053145,-87.659465414,POINT(-87.659465414 41.754053145)
10000211,HY189397,2015-03-18T13:45:00,017XX N ASHLAND AVE,0560,ASSAULT,SIMPLE,OTHER,false,false,1433,14,32,24,08A,41.913233349,-87.66776484,POINT(-87.66776484 41.913233349)
10000212,HY189315,2015-03-18T12:50:00,015XX W 80TH ST,0486,BATTERY,DOMESTIC BATTERY SIMPLE,APARTMENT,false,true,612,6,21,71,08B,41.748560656,-87.661615335,POINT(-87.661615335 41.748560656)
10000214,HY189305,2015-03-18T11:00:00,017XX N ASHLAND AVE,1330,CRIMINAL TRESPASS,TO LAND,COMMERCIAL / BUSINESS OFFICE,false,false,1433,14,32,24,26,41.913233349,-87.66776484,POINT(-87.66776484 41.913233349)
10000216,HY189182,2015-03-17T19:30:00,033XX W FULLERTON AVE,0810,THEFT,OVER $500,SIDEWALK,false,false,1413,14,35,22,06,41.924669446,-87.711491883,POINT(-87.711491883 41.924669446)
10000219,HY190166,2015-03-18T19:00:00,009XX S WABASH AVE,0810,THEFT,OVER $500,PARKING LOT/GARAGE(NON.RESID.),false,false,123,1,2,32,06,41.870389764,-87.625902397,POINT(-87.625902397 41.870389764)
10000220,HY190152,2015-03-19T05:00:00,036XX W 60TH PL,0910,MOTOR VEHICLE THEFT,AUTOMOBILE,STREET,false,false,823,8,13,65,07,41.783347308,-87.713852929,POINT(-87.713852929 41.783347308)
10000227,HY190155,2015-03-19T04:52:00,035XX S WASHTENAW AVE,0650,BURGLARY,HOME INVASION,APARTMENT,false,false,911,9,12,58,05,41.828894171,-87.692345655,POINT(-87.692345655 41.828894171)
10000233,HY189165,2015-03-18T10:45:00,042XX W MADISON ST,0460,BATTERY,SIMPLE,SMALL RETAIL STORE,false,false,1115,11,28,26,08B,41.88065283,-87.731763004,POINT(-87.731763004 41.88065283)
10000234,HY190158,2015-03-19T05:50:00,033XX W MAYPOLE AVE,0820,THEFT,$500 AND UNDER,NURSING HOME/RETIREMENT HOME,false,false,1123,11,28,27,06,41.883578698,-87.709734846,POINT(-87.709734846 41.883578698)
10000239,HY189270,2015-03-11T00:01:00,044XX W CONGRESS PKWY,0610,BURGLARY,FORCIBLE ENTRY,VACANT LOT/LAND,false,false,1131,11,24,26,05,41.874223242,-87.736005434,POINT(-87.736005434 41.874223242)
10000241,HY188049,2015-03-15T20:45:00,014XX N HARDING AVE,1320,CRIMINAL DAMAGE,TO VEHICLE,STREET,false,false,2535,25,30,23,14,41.90686701,-87.725213018,POINT(-87.725213018 41.90686701)
10000257,HY190157,2015-03-19T05:20:00,078XX S COTTAGE GROVE AVE,0820,THEFT,$500 AND UNDER,RESTAURANT,false,false,624,6,6,69,06,41.75216896,-87.605227966,POINT(-87.605227966 41.75216896)
10000258,HY189245,2015-03-13T15:00:00,078XX S BURNHAM AVE,2820,OTHER OFFENSE,TELEPHONE THREAT,RESIDENCE,false,false,421,4,7,43,26,41.752843891,-87.556998643,POINT(-87.556998643 41.752843891)
10000267,HY190175,2015-03-19T07:05:00,069XX S TALMAN AVE,2027,NARCOTICS,POSS: CRACK,STREET,true,false,831,8,18,66,18,41.76778191,-87.689442638,POINT(-87.689442638 41.76778191)
10000275,HY190183,2015-03-18T12:00:00,008XX E 79TH ST,1150,DECEPTIVE PRACTICE,CREDIT CARD FRAUD,OTHER,false,false,624,6,8,44,11,41.751305454,-87.60364723,POINT(-87.60364723 41.751305454)
10000280,HY190195,2015-03-19T07:55:00,052XX S KEELER AVE,0810,THEFT,OVER $500,OTHER,false,false,815,8,23,62,06,41.797963022,-87.728198426,POINT(-87.728198426 41.797963022)
10000284,HY190189,2015-03-18T17:00:00,016XX W PRATT BLVD,1320,CRIMINAL DAMAGE,TO VEHICLE,OTHER,false,false,2432,24,49,1,14,42.005361858,-87.671555401,POINT(-87.671555401 42.005361858)
10000290,HY190191,2015-03-18T16:00:00,005XX N MAY ST,1320,CRIMINAL DAMAGE,TO VEHICLE,STREET,false,false,1214,12,27,24,14,41.891448235,-87.65579755,POINT(-87.65579755 41.891448235)
10000299,HY189997,2015-03-18T21:15:00,111XX S SANGAMON ST,0820,THEFT,$500 AND UNDER,STREET,false,true,2234,22,34,75,06,41.691858549,-87.646011379,POINT(-87.646011379 41.691858549)
10000305,HY190171,2015-03-19T07:00:00,0000X W MONROE ST,0453,BATTERY,AGGRAVATED PO: OTHER DANG WEAP,DRUG STORE,false,false,112,1,42,32,04B,41.880704482,-87.630224558,POINT(-87.630224558 41.880704482)
10000307,HY190210,2015-03-19T07:45:00,069XX S THROOP ST,1320,CRIMINAL DAMAGE,TO VEHICLE,STREET,false,false,734,7,17,67,14,41.767700258,-87.656613683,POINT(-87.656613683 41.767700258)
10000312,HY190164,2015-03-19T06:07:00,0000X W 87TH ST,0860,THEFT,RETAIL THEFT,GROCERY FOOD STORE,true,false,634,6,21,44,06,41.736269116,-87.627768243,POINT(-87.627768243 41.736269116)
10000324,HY190190,2015-03-19T07:20:00,061XX N KEDZIE AVE,0486,BATTERY,DOMESTIC BATTERY SIMPLE,APARTMENT,true,true,2413,24,50,2,08B,41.993281593,-87.709220588,POINT(-87.709220588 41.993281593)
10000329,HY190202,2015-03-13T07:30:00,023XX E 93RD ST,1320,CRIMINAL DAMAGE,TO VEHICLE,PARKING LOT/GARAGE(NON.RESID.),false,false,413,4,7,48,14,41.726210575,-87.568067496,POINT(-87.568067496 41.726210575)
10000337,HY189094,2015-03-14T03:30:00,075XX S STONY ISLAND AVE,0460,BATTERY,SIMPLE,HOSPITAL BUILDING/GROUNDS,false,false,411,4,8,43,08B,41.757630995,-87.585708249,POINT(-87.585708249 41.757630995)
10000341,HY190208,2015-03-18T21:00:00,029XX N WHIPPLE ST,0620,BURGLARY,UNLAWFUL ENTRY,RESIDENCE-GARAGE,false,false,1411,14,35,21,05,41.934784049,-87.703826342,POINT(-87.703826342 41.934784049)
10000345,HY190216,2015-03-17T14:00:00,132XX S BRAINARD AVE,1320,CRIMINAL DAMAGE,TO VEHICLE,PARKING LOT/GARAGE(NON.RESID.),false,false,433,4,10,55,14,41.654537207,-87.55381118,POINT(-87.55381118 41.654537207)
10000346,HY190229,2015-03-18T16:00:00,067XX N GLENWOOD AVE,0820,THEFT,$500 AND UNDER,STREET,false,false,2432,24,40,1,06,42.004740764,-87.66571183,POINT(-87.66571183 42.004740764)
10000354,HY190222,2015-03-18T19:00:00,051XX W MADISON ST,1310,CRIMINAL DAMAGE,TO PROPERTY,OTHER,false,false,1533,15,28,25,14,41.880385748,-87.754007496,POINT(-87.754007496 41.880385748)
10000361,HY190207,2015-03-19T07:15:00,057XX N MANTON AVE,0820,THEFT,$500 AND UNDER,STREET,false,false,1622,16,45,11,06,41.986511378,-87.769075949,POINT(-87.769075949 41.986511378)
10000362,HY190214,2015-03-18T15:15:00,003XX S DAMEN AVE,0560,ASSAULT,SIMPLE,NURSING HOME/RETIREMENT HOME,false,false,1225,12,2,28,08A,41.877161446,-87.676536946,POINT(-87.676536946 41.877161446)
10000363,HY185493,2015-03-15T13:40:00,052XX S LOWE AVE,0486,BATTERY,DOMESTIC BATTERY SIMPLE,RESIDENCE,false,false,935,9,3,61,08B,,,
10000364,HY190177,2015-03-18T18:30:00,020XX S LOOMIS ST,1320,CRIMINAL DAMAGE,TO VEHICLE,STREET,false,false,1235,12,25,31,14,41.854825243,-87.661231357,POINT(-87.661231357 41.854825243)
10000366,HY190228,2015-03-18T21:00:00,013XX W RANDOLPH ST,1320,CRIMINAL DAMAGE,TO VEHICLE,STREET,false,false,1224,12,27,28,14,41.884090949,-87.659532917,POINT(-87.659532917 41.884090949)
10000372,HY190010,2015-03-18T17:01:00,051XX S DAMEN AVE,0460,BATTERY,SIMPLE,OTHER,false,false,932,9,16,61,08B,41.801012898,-87.674502123,POINT(-87.674502123 41.801012898)
10000373,HY190186,2015-03-19T07:25:00,094XX S EWING AVE,0560,ASSAULT,SIMPLE,SIDEWALK,false,false,432,4,10,52,08A,41.724509539,-87.537825938,POINT(-87.537825938 41.724509539)
10000374,HY190167,2015-03-18T07:51:00,0000X W KINZIE ST,0810,THEFT,OVER $500,PARKING LOT/GARAGE(NON.RESID.),false,false,1831,18,42,8,06,41.88922516,-87.630193562,POINT(-87.630193562 41.88922516)
10000392,HY190209,2015-03-18T22:00:00,013XX S KOMENSKY AVE,1310,CRIMINAL DAMAGE,TO PROPERTY,RESIDENCE,false,false,1011,10,24,29,14,41.863461605,-87.726314672,POINT(-87.726314672 41.863461605)
10000395,HY190178,2015-03-19T06:50:00,001XX E 71ST ST,0860,THEFT,RETAIL THEFT,GAS STATION,true,false,322,3,6,69,06,41.76559446,-87.621050648,POINT(-87.621050648 41.76559446)
10000399,HY190193,2015-03-19T07:30:00,063XX S EBERHART AVE,0486,BATTERY,DOMESTIC BATTERY SIMPLE,APARTMENT,false,true,312,3,20,42,08B,41.779678598,-87.613195473,POINT(-87.613195473 41.779678598)
10000404,HY190170,2015-03-19T07:00:00,038XX W LAWRENCE AVE,0820,THEFT,$500 AND UNDER,STREET,false,false,1723,17,39,14,06,41.96828488,-87.724073979,POINT(-87.724073979 41.96828488)
10000410,HY190250,2015-03-18T21:00:00,023XX N ELSTON AVE,1320,CRIMINAL DAMAGE,TO VEHICLE,STREET,false,false,1432,14,32,22,14,41.924508589,-87.676683596,POINT(-87.676683596 41.924508589)
10000420,HY190232,2015-03-14T03:00:00,033XX N NATOMA AVE,1320,CRIMINAL DAMAGE,TO VEHICLE,STREET,false,false,1632,16,36,17,14,41.941436334,-87.79216311,POINT(-87.79216311 41.941436334)
10000423,HY190203,2015-03-19T07:10:00,031XX N MASON AVE,0560,ASSAULT,SIMPLE,APARTMENT,false,false,2514,25,30,19,08A,41.937355645,-87.774963744,POINT(-87.774963744 41.937355645)
10000424,HY190160,2015-03-19T05:09:00,049XX W MONROE ST,2024,NARCOTICS,POSS: HEROIN(WHITE),APARTMENT,true,false,1533,15,28,25,18,41.879464607,-87.748235993,POINT(-87.748235993 41.879464607)
10000430,HY190241,2015-03-18T15:00:00,031XX W BELDEN AVE,0486,BATTERY,DOMESTIC BATTERY SIMPLE,SIDEWALK,false,true,1414,14,26,22,08B,41.923237855,-87.70560443,POINT(-87.70560443 41.923237855)
10000433,HY190233,2015-03-19T06:27:00,069XX S PRAIRIE AVE,0486,BATTERY,DOMESTIC BATTERY SIMPLE,APARTMENT,false,true,322,3,6,69,08B,41.768957248,-87.618564735,POINT(-87.618564735 41.768957248)
10000440,HY190236,2015-03-19T08:30:00,051XX S CICERO AVE,0560,ASSAULT,SIMPLE,STREET,false,true,815,8,23,56,08A,41.799724761,-87.74294722,POINT(-87.74294722 41.799724761)
10000441,HY190200,2015-03-19T07:30:00,074XX S OAKLEY AVE,0497,BATTERY,AGGRAVATED DOMESTIC BATTERY: OTHER DANG WEAPON,RESIDENCE,false,true,835,8,18,66,04B,41.758804447,-87.680538065,POINT(-87.680538065 41.758804447)
10000447,HY190213,2015-03-18T23:30:00,047XX S CICERO AVE,1310,CRIMINAL DAMAGE,TO PROPERTY,PARKING LOT/GARAGE(NON.RESID.),false,false,815,8,23,56,14,41.806627559,-87.74312593,POINT(-87.74312593 41.806627559)
10000448,HY190184,2015-03-19T06:57:00,028XX W COLUMBUS AVE,4387,OTHER OFFENSE,VIOLATE ORDER OF PROTECTION,OTHER,false,true,835,8,18,70,26,41.754169124,-87.694170838,POINT(-87.694170838 41.754169124)
10000451,HY190258,2015-03-18T10:00:00,053XX W ADDISON ST,0910,MOTOR VEHICLE THEFT,AUTOMOBILE,OTHER,false,false,1634,16,38,15,07,41.945964568,-87.759990305,POINT(-87.759990305 41.945964568)
10000453,HY189295,2015-03-18T09:30:00,050XX W BELMONT AVE,0340,ROBBERY,ATTEMPT: STRONGARM-NO WEAPON,SIDEWALK,false,false,1634,16,30,15,03,41.938755778,-87.752402574,POINT(-87.752402574 41.938755778)
10000456,HY190278,2015-03-16T21:00:00,012XX N MAPLEWOOD AVE,0820,THEFT,$500 AND UNDER,STREET,false,false,1423,14,26,24,06,41.903644142,-87.690738955,POINT(-87.690738955 41.903644142)
10000458,HY190255,2015-03-19T07:30:00,023XX N TRIPP AVE,0910,MOTOR VEHICLE THEFT,AUTOMOBILE,STREET,false,false,2522,25,31,20,07,41.923150324,-87.732852168,POINT(-87.732852168 41.923150324)
10000459,HY190256,2015-03-16T20:00:00,024XX N CAMPBELL AVE,0820,THEFT,$500 AND UNDER,STREET,false,false,1431,14,1,22,06,41.925934815,-87.690122118,POINT(-87.690122118 41.925934815)
10000461,HY190271,2015-03-01T17:00:00,031XX W PALMER BLVD,0820,THEFT,$500 AND UNDER,STREET,false,false,1414,14,35,22,06,41.920671283,-87.705974981,POINT(-87.705974981 41.920671283)
10000464,HY190254,2015-03-18T09:00:00,037XX N LEAVITT ST,1154,DECEPTIVE PRACTICE,FINANCIAL IDENTITY THEFT $300 AND UNDER,RESIDENCE,false,false,1921,19,47,5,11,41.948921351,-87.683469047,POINT(-87.683469047 41.948921351)
10000466,HY190168,2015-03-19T05:10:00,058XX S RICHMOND ST,0910,MOTOR VEHICLE THEFT,AUTOMOBILE,STREET,false,false,824,8,14,63,07,41.787471997,-87.697283277,POINT(-87.697283277 41.787471997)
10000468,HY190163,2015-03-14T08:00:00,035XX N NEENAH AVE,1320,CRIMINAL DAMAGE,TO VEHICLE,STREET,false,false,1632,16,36,17,14,41.944705219,-87.789948362,POINT(-87.789948362 41.944705219)
10000471,HY190223,2015-03-18T13:30:00,032XX N BROADWAY,0860,THEFT,RETAIL THEFT,DRUG STORE,false,false,1925,19,44,6,06,41.940318272,-87.644408194,POINT(-87.644408194 41.940318272)
10000472,HY190217,2015-02-12T09:00:00,078XX S OGLESBY AVE,2820,OTHER OFFENSE,TELEPHONE THREAT,RESIDENCE,false,false,414,4,7,43,26,41.752853763,-87.567465245,POINT(-87.567465245 41.752853763)
10000473,HY190204,2015-03-19T07:59:00,002XX N LAVERGNE AVE,0560,ASSAULT,SIMPLE,SIDEWALK,false,true,1532,15,28,25,08A,41.884807342,-87.75033191,POINT(-87.75033191 41.884807342)
10000474,HY190206,2015-03-19T08:00:00,020XX N MAGNOLIA AVE,1320,CRIMINAL DAMAGE,TO VEHICLE,STREET,false,false,1811,18,43,7,14,41.919002716,-87.659467066,POINT(-87.659467066 41.919002716)
10000475,HY190301,2015-03-19T00:01:00,002XX N LEAMINGTON AVE,1320,CRIMINAL DAMAGE,TO VEHICLE,STREET,false,false,1532,15,28,25,14,41.884883608,-87.754014605,POINT(-87.754014605 41.884883608)
10000477,HY190294,2015-03-10T15:30:00,004XX E 34TH ST,0460,BATTERY,SIMPLE,GROCERY FOOD STORE,false,false,211,2,4,35,08B,41.833139425,-87.615319213,POINT(-87.615319213 41.833139425)
10000489,HY189958,2015-03-18T21:35:00,060XX W GUNNISON ST,2250,LIQUOR LAW VIOLATION,LIQUOR LICENSE VIOLATION,BAR OR TAVERN,true,false,1622,16,45,11,22,41.968528173,-87.778559988,POINT(-87.778559988 41.968528173)
10000513,HY190279,2015-03-18T21:30:00,005XX E 77TH ST,0820,THEFT,$500 AND UNDER,STREET,false,false,624,6,6,69,06,41.754820587,-87.611853518,POINT(-87.611853518 41.754820587)
10000524,HY190240,2015-02-04T13:07:00,004XX W 80TH ST,4255,KIDNAPPING,UNLAWFUL INTERFERE/VISITATION,"SCHOOL, PUBLIC, BUILDING",false,true,621,6,21,44,26,41.748943754,-87.635189547,POINT(-87.635189547 41.748943754)
10000536,HY190281,2015-02-11T08:00:00,045XX N PAULINA ST,1150,DECEPTIVE PRACTICE,CREDIT CARD FRAUD,RESIDENCE,false,false,1912,19,47,3,11,41.964014013,-87.670898781,POINT(-87.670898781 41.964014013)
10000543,HY190305,2015-03-19T09:54:00,077XX S EBERHART AVE,0810,THEFT,OVER $500,CHURCH/SYNAGOGUE/PLACE OF WORSHIP,false,false,624,6,6,69,06,41.753812427,-87.612568465,POINT(-87.612568465 41.753812427)
10000548,HY190165,2015-03-18T21:00:00,038XX W GRENSHAW ST,0610,BURGLARY,FORCIBLE ENTRY,RESIDENCE-GARAGE,false,false,1133,11,24,29,05,41.867123593,-87.721360419,POINT(-87.721360419 41.867123593)
10000554,HY190310,2015-03-18T09:00:00,087XX S EMERALD AVE,2820,OTHER OFFENSE,TELEPHONE THREAT,RESIDENCE,false,true,2223,22,21,71,26,41.735295836,-87.642375582,POINT(-87.642375582 41.735295836)
10000556,HY190295,2015-03-19T09:30:00,055XX W BELMONT AVE,0810,THEFT,OVER $500,PARKING LOT/GARAGE(NON.RESID.),false,false,2514,25,30,19,06,41.938593616,-87.764963064,POINT(-87.764963064 41.938593616)
10000557,HY190270,2015-03-19T01:00:00,085XX S ROCKWELL ST,1320,CRIMINAL DAMAGE,TO VEHICLE,DRIVEWAY - RESIDENTIAL,false,false,835,8,18,70,14,41.737477354,-87.688122304,POINT(-87.688122304 41.737477354)
10001031,HY190394,2015-03-19T11:05:00,047XX S PRAIRIE AVE,0460,BATTERY,SIMPLE,SIDEWALK,false,false,224,2,3,38,08B,41.80888194,-87.61958096,POINT(-87.61958096 41.80888194)
10000560,HY190306,2015-03-18T15:05:00,028XX W POPE JOHN PAUL II DR,0560,ASSAULT,SIMPLE,"SCHOOL, PUBLIC, GROUNDS",false,false,921,9,12,58,08A,41.815533722,-87.695065116,POINT(-87.695065116 41.815533722)
10000561,HY190308,2015-03-19T09:10:00,009XX N HARDING AVE,0486,BATTERY,DOMESTIC BATTERY SIMPLE,RESIDENCE,false,true,1112,11,27,23,08B,41.897793069,-87.724931802,POINT(-87.724931802 41.897793069)
10000566,HY190239,2015-03-19T07:55:00,003XX W 106TH PL,0486,BATTERY,DOMESTIC BATTERY SIMPLE,RESIDENCE,false,false,512,5,34,49,08B,41.700680418,-87.63174238,POINT(-87.63174238 41.700680418)
10000572,HY190319,2015-03-19T09:50:00,048XX W MONROE ST,1811,NARCOTICS,POSS: CANNABIS 30GMS OR LESS,SIDEWALK,true,false,1533,15,28,25,18,41.879485593,-87.746432819,POINT(-87.746432819 41.879485593)
10000573,HY190292,2015-03-17T11:00:00,018XX N HUDSON AVE,0820,THEFT,$500 AND UNDER,STREET,false,false,1813,18,43,7,06,41.915222862,-87.639931215,POINT(-87.639931215 41.915222862)
10000583,HY190244,2015-03-19T06:30:00,010XX W 107TH PL,0560,ASSAULT,SIMPLE,RESIDENCE PORCH/HALLWAY,false,true,2234,22,34,75,08A,41.698656795,-87.64839969,POINT(-87.64839969 41.698656795)
10000586,HY190318,2015-03-19T07:30:00,032XX N LECLAIRE AVE,0486,BATTERY,DOMESTIC BATTERY SIMPLE,"SCHOOL, PUBLIC, BUILDING",true,true,1634,16,30,15,08B,41.939898633,-87.754281422,POINT(-87.754281422 41.939898633)
10000588,HY190297,2015-03-15T07:30:00,002XX N COLUMBUS DR,0890,THEFT,FROM BUILDING,HOTEL/MOTEL,false,false,114,1,42,32,06,41.886337253,-87.620687893,POINT(-87.620687893 41.886337253)
10000591,HY190339,2015-03-17T09:45:00,018XX W 80TH ST,0460,BATTERY,SIMPLE,"SCHOOL, PUBLIC, GROUNDS",false,false,611,6,18,71,08B,41.748465764,-87.668894176,POINT(-87.668894176 41.748465764)
10000593,HY190221,2015-03-18T15:30:00,115XX S HOMEWOOD AVE,0810,THEFT,OVER $500,STREET,false,false,2212,22,19,75,06,41.684093864,-87.670611218,POINT(-87.670611218 41.684093864)
10000594,HY190287,2015-03-19T01:10:00,018XX W 19TH ST,0910,MOTOR VEHICLE THEFT,AUTOMOBILE,STREET,false,false,1234,12,25,31,07,41.855885555,-87.67228376,POINT(-87.67228376 41.855885555)
10000599,HY190293,2015-03-18T21:00:00,028XX W 19TH ST,2820,OTHER OFFENSE,TELEPHONE THREAT,HOSPITAL BUILDING/GROUNDS,false,false,1022,10,12,30,26,41.855524939,-87.6978538,POINT(-87.6978538 41.855524939)
10000609,HY190198,2015-03-19T07:45:00,022XX S SAWYER AVE,0486,BATTERY,DOMESTIC BATTERY SIMPLE,RESIDENCE,false,true,1024,10,22,30,08B,41.850983762,-87.706447175,POINT(-87.706447175 41.850983762)
10000613,HY190303,2015-03-18T12:20:00,054XX W IRVING PARK RD,0890,THEFT,FROM BUILDING,MEDICAL/DENTAL OFFICE,false,false,1633,16,38,15,06,41.953232117,-87.762917679,POINT(-87.762917679 41.953232117)
10000617,HY134412,2015-01-30T16:57:39,028XX W LEXINGTON ST,143A,WEAPONS VIOLATION,UNLAWFUL POSS OF HANDGUN,STREET,true,false,1135,11,2,27,15,41.871964663,-87.696662932,POINT(-87.696662932 41.871964663)
10000618,HY190345,2015-03-13T20:15:00,024XX W FILLMORE ST,0910,MOTOR VEHICLE THEFT,AUTOMOBILE,STREET,false,false,1135,11,28,28,07,41.868416856,-87.687416777,POINT(-87.687416777 41.868416856)
10000620,HY190274,2015-03-18T13:00:00,052XX W GRAND AVE,031A,ROBBERY,ARMED: HANDGUN,CTA BUS STOP,false,false,2515,25,37,19,03,41.916994219,-87.756244795,POINT(-87.756244795 41.916994219)
10000624,HY190252,2015-03-19T08:00:00,035XX W CERMAK RD,1320,CRIMINAL DAMAGE,TO VEHICLE,STREET,false,false,1024,10,24,29,14,41.85168661,-87.713076519,POINT(-87.713076519 41.85168661)
10000629,HY190218,2015-03-19T07:56:00,014XX W BRYN MAWR AVE,0460,BATTERY,SIMPLE,"SCHOOL, PUBLIC, GROUNDS",false,false,2013,20,48,77,08B,41.983537345,-87.665874544,POINT(-87.665874544 41.983537345)
10000633,HY189098,2015-03-18T10:15:00,055XX N MAGNOLIA AVE,1330,CRIMINAL TRESPASS,TO LAND,"SCHOOL, PRIVATE, BUILDING",false,false,2013,20,48,77,26,41.982456946,-87.661310438,POINT(-87.661310438 41.982456946)
10000636,HY190199,2015-03-18T16:00:00,014XX W BRYN MAWR AVE,1340,CRIMINAL DAMAGE,TO STATE SUP PROP,"SCHOOL, PUBLIC, GROUNDS",false,false,2013,20,48,77,14,41.983537345,-87.665874544,POINT(-87.665874544 41.983537345)
10000646,HY190262,2015-03-19T08:45:00,029XX W CONGRESS PKWY,1320,CRIMINAL DAMAGE,TO VEHICLE,STREET,false,false,1135,11,2,27,14,41.874402916,-87.700383936,POINT(-87.700383936 41.874402916)
10000647,HY190340,2015-03-19T08:00:00,096XX S MICHIGAN AVE,0460,BATTERY,SIMPLE,"SCHOOL, PUBLIC, BUILDING",true,false,511,5,6,49,08B,41.71902307,-87.620528559,POINT(-87.620528559 41.71902307)
10000648,HY190360,2015-03-19T10:30:00,051XX W MADISON ST,1811,NARCOTICS,POSS: CANNABIS 30GMS OR LESS,SIDEWALK,true,false,1533,15,28,25,18,41.88038163,-87.75427927,POINT(-87.75427927 41.88038163)
10000654,HY190370,2015-01-28T08:00:00,088XX S BLACKSTONE AVE,1320,CRIMINAL DAMAGE,TO VEHICLE,STREET,false,false,412,4,8,48,14,41.734380183,-87.588077291,POINT(-87.588077291 41.734380183)
10000662,HY190342,2015-03-14T14:00:00,020XX N LEAVITT ST,0610,BURGLARY,FORCIBLE ENTRY,APARTMENT,false,false,1432,14,32,22,05,41.919473537,-87.682573759,POINT(-87.682573759 41.919473537)
10000664,HY190391,2015-02-01T13:00:00,042XX W AUGUSTA BLVD,0820,THEFT,$500 AND UNDER,RESIDENCE PORCH/HALLWAY,false,false,1111,11,37,23,06,41.898922542,-87.732006633,POINT(-87.732006633 41.898922542)
10000666,HY190375,2015-03-19T10:40:00,060XX S DR MARTIN LUTHER KING JR DR,4625,OTHER OFFENSE,PAROLE VIOLATION,SIDEWALK,true,false,311,3,20,40,26,41.784801626,-87.615737796,POINT(-87.615737796 41.784801626)
